id,name,symbol,rank,price_usd,price_btc,h24_volume_usd,market_cap_usd,avail_sup,tot_sup,max_supply,per_change_1h,per_change_24h,per_change_7d,last_updated
bitcoin,Bitcoin,BTC,1,9737.29,1.0,5462020000.0,162666414942,16705512.0,16705512.0,21000000.0,-0.67,1.43,20.05,1511833751
ethereum,Ethereum,ETH,2,476.429,0.0492055,1369870000.0,45735203201.0,95995842.0,95995842.0,null,-0.65,0.79,30.69,1511833751
bitcoin-cash,Bitcoin Cash,BCH,3,1615.37,0.166835,1337070000.0,27179872354.0,16825788.0,16825788.0,21000000.0,0.08,-5.31,35.76,1511833769
ripple,Ripple,XRP,4,0.262124,0.00002713,241901000.0,10123981284.0,38622870411.0,99993173757.0,100000000000,3.13,4.76,10.12,1511834041
bitcoin-gold,Bitcoin Gold,BTG,5,355.367,0.0367023,111927000.0,5925908581.0,16675461.0,16775461.0,21000000.0,-1.07,-3.29,53.06,1511833775
litecoin,Litecoin,LTC,6,90.3398,0.00933029,423328000.0,4880649084.0,54025458.0,54025458.0,84000000.0,-0.91,4.03,26.66,1511833742
dash,Dash,DASH,7,621.676,0.0642066,132738000.0,4795984920.0,7714605.0,7714605.0,18900000.0,-1.2,-0.94,33.48,1511833747
iota,IOTA,MIOTA,8,1.10435,0.00011406,198039000.0,3069574268.0,2779530283.0,2779530283.0,2779530283.0,2.33,33.44,18.35,1511833765
ethereum-classic,Ethereum Classic,ETC,9,27.8951,0.002881,840157000.0,2729860597.0,97861653.0,97861653.0,null,7.02,26.4,53.39,1511833760
monero,Monero,XMR,10,173.415,0.0179103,96299000.0,2671995906.0,15408101.0,15408101.0,null,-2.16,5.98,26.11,1511833744
neo,NEO,NEO,11,39.2694,0.00405574,84240900.0,2552511000.0,65000000.0,100000000.0,null,-0.75,-0.05,8.49,1511833755
nem,NEM,XEM,12,0.233041,0.00002407,21806600.0,2097369000.0,8999999999.0,8999999999.0,null,-4.23,7.65,11.42,1511833757
eos,EOS,EOS,13,2.75442,0.00028448,127345000.0,1387758881.0,503829801.0,1000000000.0,null,-0.72,12.17,39.19,1511833768
cardano,Cardano,ADA,14,0.0493769,0.00000510,78223800.0,1280198369.0,25927070538.0,31112483745.0,45000000000.0,-0.21,31.01,69.16,1511833773
qtum,Qtum,QTUM,15,14.62,0.00150995,142500000.0,1077388502.0,73692784.0,100192784.0,null,-0.42,-1.32,-0.1,1511833763
stellar,Stellar Lumens,XLM,16,0.0574192,0.00000593,52161000.0,1017123242.0,17713991866.0,103471840067,null,-1.93,17.59,51.39,1511833758
omisego,OmiseGO,OMG,17,9.34431,0.00096508,56295800.0,953517237.0,102042552.0,140245398.0,null,-0.91,7.94,17.89,1511833767
zcash,Zcash,ZEC,18,346.978,0.0358359,94835800.0,941960694.0,2714756.0,2714756.0,null,-0.97,1.35,16.29,1511833758
lisk,Lisk,LSK,19,8.01833,0.00082813,29470000.0,924951827.0,115354672.0,115354672.0,null,0.92,4.12,-17.9,1511833752
hshare,Hshare,HSR,20,19.8094,0.00204591,64029900.0,838008427.0,42303574.0,42303574.0,84000000.0,-0.27,-5.57,8.73,1511833771
tether,Tether,USDT,21,1.00269,0.00010356,747851000.0,676783503.0,674967839.0,675000482.0,null,0.16,-0.28,0.28,1511833749
bitconnect,BitConnect,BCC,22,298.1,0.0307878,27204100.0,637365225.0,2138092.0,8392580.0,28000000.0,-0.63,0.77,1.86,1511833760
waves,Waves,WAVES,23,5.64623,0.00058314,24364700.0,564623000.0,100000000.0,100000000.0,null,0.25,0.39,8.88,1511833754
stratis,Stratis,STRAT,24,5.09145,0.00052585,22906900.0,502215731.0,98639038.0,98639038.0,null,-2.95,10.71,48.14,1511833757
populous,Populous,PPT,25,11.342,0.0011714,825211.0,467882974.0,41252246.0,53252246.0,53252246.0,2.01,-2.26,16.56,1511833767
bitshares,BitShares,BTS,26,0.153249,0.00001583,29726900.0,398891822.0,2602900000.0,2602900000.0,3600570502.0,0.94,10.41,18.17,1511833745
monacoin,MonaCoin,MONA,27,6.66694,0.00068856,57451400.0,370872371.0,55628575.0,55628575.0,null,-3.25,45.09,127.57,1511833744
ark,Ark,ARK,28,3.67188,0.00037923,12171800.0,359775517.0,97981284.0,129231284.0,null,-2.55,6.52,18.65,1511833761
decred,Decred,DCR,29,57.3185,0.00591985,11042200.0,358093466.0,6247433.0,6667433.0,null,-0.89,-11.28,70.31,1511833752
ardor,Ardor,ARDR,30,0.330593,0.00003414,4384010.0,330262240.0,998999495.0,998999495.0,998999495.0,-1.14,-1.29,25.04,1511833757
komodo,Komodo,KMD,31,3.08092,0.0003182,10167900.0,319275764.0,103630008.0,103630008.0,null,-1.38,4.35,29.32,1511833761
augur,Augur,REP,32,28.9288,0.00298777,3631030.0,318216800.0,11000000.0,11000000.0,null,0.13,4.96,39.0,1511833751
bytecoin-bcn,Bytecoin,BCN,33,0.00172359,0.00000018,4608650.0,315853960.0,183253534612,183253534612,184470000000,-0.78,-0.14,36.02,1511833745
steem,Steem,STEEM,34,1.19756,0.00012368,4593290.0,295440819.0,246702310.0,263676404.0,null,-0.65,9.07,32.45,1511833753
golem-network-tokens,Golem,GNT,35,0.351624,0.00003632,13096100.0,292914044.0,833032000.0,1000000000.0,null,3.24,24.82,63.01,1511833757
power-ledger,Power Ledger,POWR,36,0.690444,0.00007131,45805600.0,241900439.0,350354900.0,1000000000.0,null,-3.07,-9.38,23.43,1511833776
tenx,TenX,PAY,37,2.29464,0.00023699,6832270.0,240160028.0,104661310.0,205218256.0,null,-1.8,-0.07,16.98,1511833769
raiden-network-token,Raiden Network Token,RDN,38,4.67733,0.00048307,18584700.0,233866500.0,50000000.0,100000000.0,null,1.27,-12.82,75.43,1511833778
dogecoin,Dogecoin,DOGE,39,0.00199389,0.00000021,5698820.0,223520559.0,112102753173,112102753173,null,0.23,0.4,44.12,1511833743
exchange-union,Exchange Union,XUC,40,8.93719,0.00092303,2843900.0,221629245.0,24798538.0,3000000000.0,null,-3.0,9.2,199.16,1511833776
maidsafecoin,MaidSafeCoin,MAID,41,0.48843,0.00005045,2187260.0,221040175.0,452552412.0,452552412.0,null,-0.65,5.5,26.51,1511833744
vertcoin,Vertcoin,VTC,42,5.3131,0.00054995,9946550.0,220983252.0,41592150.0,41592150.0,84000000.0,-0.28,-3.57,30.57,1511834042
pivx,PIVX,PIVX,43,3.99234,0.00041233,2573600.0,219623796.0,55011296.0,55011296.0,null,2.95,10.61,37.17,1511833753
salt,SALT,SALT,44,4.32187,0.00044636,6321440.0,212814702.0,49241347.0,120000000.0,null,-0.14,-3.38,18.22,1511833773
veritaseum,Veritaseum,VERI,45,103.732,0.0107134,924064.0,210165746.0,2026045.0,100000000.0,null,1.67,8.86,5.17,1511833765
digixdao,DigixDAO,DGD,46,104.126,0.0107542,14443200.0,208252000.0,2000000.0,2000000.0,null,-0.89,12.58,46.09,1511833754
factom,Factom,FCT,47,23.369,0.00241355,4263690.0,204364289.0,8745102.0,8745102.0,null,0.23,3.69,22.74,1511833752
siacoin,Siacoin,SC,48,0.00645788,0.00000067,4325420.0,201395584.0,31186021347.0,31186021347.0,null,0.36,11.86,50.6,1511833758
nxt,Nxt,NXT,49,0.197058,0.00002040,55775400.0,196860930.0,998999942.0,998999942.0,1000000000.0,-5.15,7.04,100.89,1511834042
binance-coin,Binance Coin,BNB,50,1.91474,0.00019776,23269900.0,189586066.0,99014000.0,199013968.0,null,-0.87,0.91,18.78,1511833768
gas,Gas,GAS,51,21.9165,0.00226354,1462330.0,188416926.0,8597035.0,11822072.0,100000000.0,-1.44,-3.38,-1.23,1511833768
basic-attention-token,Basic Attention Token,BAT,52,0.185611,0.00001917,4237180.0,185611000.0,1000000000.0,1500000000.0,null,-0.37,2.6,16.7,1511833765
bitcoindark,BitcoinDark,BTCD,53,137.817,0.0142338,198122.0,177627120.0,1288862.0,1288862.0,null,-0.28,-1.91,24.87,1511833746
byteball,Byteball Bytes,GBYTE,54,275.27,0.0284298,1642870.0,177610275.0,645222.0,1000000.0,null,-1.81,-0.42,16.43,1511833760
syscoin,Syscoin,SYS,55,0.329438,0.00003402,19510200.0,174327407.0,529166055.0,529166055.0,888000000.0,0.67,1.92,62.94,1511833745
kyber-network,Kyber Network,KNC,56,1.23659,0.00012772,6870860.0,165867152.0,134132697.0,215625349.0,null,-0.94,-5.08,12.99,1511833774
walton,Walton,WTC,57,6.4052,0.00066153,32957200.0,159477810.0,24898178.0,70000000.0,100000000.0,-3.46,24.34,30.48,1511833771
iconomi,Iconomi,ICN,58,1.5248,0.00015748,1323300.0,152157222.0,99788314.0,99788314.0,null,-0.63,-6.9,25.36,1511833758
gamecredits,GameCredits,GAME,59,2.14309,0.00022134,2537050.0,137919311.0,64355352.0,64355352.0,null,-0.16,-0.79,12.18,1511833746
metaverse,Metaverse ETP,ETP,60,3.69439,0.00038156,5441080.0,134785212.0,36483753.0,55883753.0,100000000.0,-1.6,-2.56,15.32,1511833765
zcoin,ZCoin,XZC,61,37.5226,0.00387533,8476230.0,132591110.0,3533633.0,3533633.0,null,0.19,7.4,49.89,1511833758
tron,TRON,TRX,62,0.00201575,0.00000021,6252540.0,132531919.0,65748192475.0,100000000000,null,-2.64,-5.98,-4.78,1511833772
status,Status,SNT,63,0.0381313,0.00000394,7314270.0,132334058.0,3470483788.0,6804870174.0,null,-2.67,2.79,17.02,1511833766
gnosis-gno,Gnosis,GNO,64,118.83,0.0122727,3520690.0,131258430.0,1104590.0,10000000.0,null,-3.23,10.17,70.76,1511833764
bytom,Bytom,BTM,65,0.131856,0.00001362,2139980.0,130141872.0,987000000.0,1407000000.0,null,-1.02,26.21,15.02,1511833770
aeternity,Aeternity,AE,66,0.549816,0.00005678,1382270.0,128118384.0,233020472.0,273685830.0,null,-1.17,-3.24,-1.37,1511833764
ethos,Ethos,ETHOS,67,1.68039,0.00017355,1757930.0,125233114.0,74526219.0,222295208.0,null,0.22,-2.06,-11.21,1511833769
civic,Civic,CVC,68,0.353707,0.00003653,2764110.0,121215389.0,342700000.0,1000000000.0,null,-0.01,1.47,12.47,1511833768
blocknet,Blocknet,BLOCK,69,24.5755,0.00253816,331401.0,120504323.0,4903433.0,4903433.0,null,-2.21,3.25,11.62,1511833750
gxshares,GXShares,GXS,70,2.94884,0.00030456,9542130.0,119457508.0,40510000.0,100000000.0,100000000.0,-0.36,-2.21,27.71,1511833767
0x,0x,ZRX,71,0.231881,0.00002395,3437210.0,115940500.0,500000000.0,1000000000.0,null,0.09,1.56,16.43,1511833771
pura,Pura,PURA,72,0.645664,0.00006668,287896.0,110980819.0,171886335.0,178668829.0,350000000.0,-2.06,-8.28,-8.86,1511833756
digibyte,DigiByte,DGB,73,0.0116387,0.00000120,5676770.0,110212559.0,9469490475.0,9469490475.0,null,0.84,7.34,33.43,1511834043
metal,Metal,MTL,74,5.61897,0.00058033,9665220.0,108451706.0,19300994.0,66588888.0,null,-2.74,8.67,21.86,1511833768
bancor,Bancor,BNT,75,2.62865,0.00027149,4423830.0,107177606.0,40772871.0,79384422.0,null,-1.66,-1.83,22.67,1511833767
einsteinium,Einsteinium,EMC2,76,0.473449,0.00004901,36614300.0,102287675.0,216047928.0,216047928.0,null,6.94,-10.53,233.82,1511834043
funfair,FunFair,FUN,77,0.023859,0.00000246,1208920.0,101397735.0,4249873622.0,10999873621.0,null,1.06,3.24,31.01,1511833768
cryptonex,Cryptonex,CNX,78,2.11919,0.00021887,126936.0,95330585.0,44984445.0,106422070.0,210000000.0,-0.53,1.83,61.39,1511833773
singulardtv,SingularDTV,SNGLS,79,0.155851,0.00001610,1783330.0,93510600.0,600000000.0,1000000000.0,null,-0.83,-2.57,19.56,1511833756
verge,Verge,XVG,80,0.0063958,0.00000066,4270560.0,91580716.0,14318883691.0,14318883691.0,16555000000.0,-2.63,-6.25,11.27,1511833749
quantstamp,Quantstamp,QSP,81,0.145078,0.00001498,21661400.0,89558705.0,617314171.0,976442388.0,null,0.09,-12.53,113.55,1511833779
lykke,Lykke,LKK,82,0.337153,0.00003482,270833.0,88691444.0,263059928.0,1285690000.0,null,-0.2,-1.64,-4.7,1511833759
storj,Storj,STORJ,83,0.755697,0.00007805,9174810.0,79660804.0,105413683.0,424999998.0,null,-0.02,2.47,12.2,1511833765
zencash,ZenCash,ZEN,84,32.3186,0.00333786,1857410.0,79363103.0,2455648.0,2455648.0,21000000.0,0.34,4.95,51.76,1511833765
particl,Particl,PART,85,10.1516,0.00104845,666006.0,79045896.0,7786546.0,8782546.0,null,1.76,5.2,20.13,1511833768
nexus,Nexus,NXS,86,1.40714,0.00014533,995296.0,76034153.0,54034533.0,54034533.0,null,-1.07,-1.46,38.35,1511833752
bitbay,BitBay,BAY,87,0.0749365,0.00000774,6946270.0,75526168.0,1007868899.0,1007868899.0,null,-0.4,-14.66,60.87,1511833749
aragon,Aragon,ANT,88,2.27991,0.00023547,1451050.0,74128673.0,32513859.0,39609524.0,null,-2.36,9.12,42.17,1511833764
edgeless,Edgeless,EDG,89,0.889525,0.00009187,3341840.0,72982224.0,82046288.0,132046997.0,null,-1.46,-3.04,36.87,1511833762
nav-coin,NAV Coin,NAV,90,1.15454,0.00011924,5957490.0,71685687.0,62090259.0,62090259.0,null,-1.66,-7.36,41.26,1511833746
ripio-credit-network,Ripio Credit Network,RCN,91,0.147729,0.00001526,13600100.0,71669638.0,485142647.0,999942647.0,null,2.5,-4.75,46.25,1511833775
adx-net,AdEx,ADX,92,1.24563,0.00012865,4465890.0,71635684.0,57509601.0,100000000.0,100000000.0,-0.11,2.31,25.55,1511833767
santiment,Santiment Network Token,SAN,93,1.18338,0.00012222,10398900.0,71597519.0,60502560.0,83337000.0,null,-0.6,-8.19,114.81,1511833767
substratum,Substratum,SUB,94,0.310523,0.00003207,4119480.0,70206595.0,226091449.0,352000000.0,null,-0.04,-5.96,126.17,1511833772
monaco,Monaco,MCO,95,7.02847,0.0007259,5223960.0,69194410.0,9844875.0,31587682.0,null,0.45,9.86,28.31,1511833768
streamr-datacoin,Streamr DATAcoin,DATA,96,0.101785,0.00001051,4036800.0,68924172.0,677154514.0,987154514.0,null,0.21,11.13,40.09,1511833776
achain,Achain,ACT,97,0.228071,0.00002356,670924.0,68421300.0,300000000.0,1000000000.0,1000000000.0,-0.97,-0.66,72.33,1511833769
vechain,VeChain,VEN,98,0.244442,0.00002525,2378890.0,67750188.0,277162633.0,867162633.0,null,-3.27,0.31,-5.36,1511833770
counterparty,Counterparty,XCP,99,25.7089,0.00266108,1257090.0,67292512.0,2617479.0,2617479.0,null,0.72,25.37,81.94,1511834043
chainlink,ChainLink,LINK,100,0.186572,0.00001927,4715070.0,65300200.0,350000000.0,1000000000.0,null,-0.77,2.36,15.83,1511833773
mobilego,MobileGo,MGO,101,0.651552,0.00006729,423078.0,63870917.0,98028887.0,100000000.0,null,0.05,-13.91,27.61,1511833765
potcoin,PotCoin,POT,102,0.287472,0.00002976,3544150.0,62892633.0,218778293.0,218778293.0,420000000.0,-3.66,-5.17,106.63,1511834042
attention-token-of-media,ATMChain,ATM,103,0.0188572,0.00000195,44104.9,62516389.0,3315252992.0,10000000000.0,null,1.94,-11.13,-17.46,1511833773
ubiq,Ubiq,UBQ,104,1.60023,0.00016527,599108.0,62466519.0,39035963.0,39035963.0,null,2.1,2.36,24.17,1511833746
loopring,Loopring,LRC,105,0.212038,0.00002190,3693660.0,60679075.0,286170756.0,1395076054.0,null,-3.95,3.19,10.87,1511833771
quantum-resistant-ledger,Quantum Resistant Ledger,QRL,106,1.14587,0.00011835,800480.0,59585240.0,52000000.0,65000000.0,105000000.0,-2.22,-3.75,65.83,1511833768
iocoin,I/O Coin,IOC,107,3.5824,0.00036999,362355.0,58691311.0,16383238.0,16383238.0,null,-2.33,1.21,20.77,1511833747
paypie,PayPie,PPP,108,0.70795,0.00007312,344598.0,58405875.0,82500000.0,165000000.0,165000000.0,1.44,-10.97,16.3,1511833773
skycoin,Skycoin,SKY,109,9.67447,0.00099918,221829.0,57400546.0,5933198.0,100000000.0,100000000.0,2.01,10.87,115.81,1511833763
faircoin,FairCoin,FAIR,110,1.06281,0.00010977,126158.0,56534936.0,53193831.0,53193831.0,null,-0.58,7.11,7.64,1511833743
minexcoin,MinexCoin,MNX,111,17.9902,0.00185803,303697.0,53970600.0,3000000.0,6000000.0,19000000.0,1.74,26.16,55.04,1511833777
open-trading-network,Open Trading Network,OTN,112,20.5582,0.00212325,1636850.0,52988348.0,2577480.0,81038759.0,100000000.0,-0.43,-13.81,-23.09,1511833774
peercoin,Peercoin,PPC,113,2.13424,0.00022091,2098000.0,52220319.0,24467876.0,24467876.0,null,-0.6,10.62,37.19,1511834041
cofound-it,Cofound.it,CFI,114,0.159585,0.00001648,22907000.0,51865125.0,325000000.0,500000000.0,null,4.23,47.12,76.65,1511833765
wings,Wings,WINGS,115,0.572341,0.00005911,839410.0,51343757.0,89708333.0,100000000.0,null,-1.3,0.2,21.8,1511833759
feathercoin,Feathercoin,FTC,116,0.275879,0.00002856,948086.0,50525219.0,183142680.0,183142680.0,336000000.0,3.86,9.62,12.9,1511834041
rlc,iExec RLC,RLC,117,0.623367,0.00006438,776200.0,49290123.0,79070793.0,86999785.0,null,0.51,-2.52,14.62,1511833763
asch,Asch,XAS,118,0.532259,0.00005497,594909.0,48262904.0,90675599.0,112175599.0,null,-0.0,-3.43,-8.65,1511833762
decent,DECENT,DCT,119,0.924823,0.00009552,784628.0,47449051.0,51306089.0,73197775.0,null,-0.58,-2.69,63.82,1511833758
kucoin-shares,KuCoin Shares,KCS,120,0.515883,0.00005328,1187580.0,46967575.0,91043076.0,181043076.0,null,-0.66,-9.23,-18.35,1511833775
melon,Melon,MLN,121,77.2653,0.00797996,538952.0,46312821.0,599400.0,749400.0,null,-0.9,-1.82,17.34,1511833761
grid,Grid+,GRID,122,1.17968,0.00012184,143764.0,46286504.0,39236491.0,300000000.0,null,2.67,-5.66,36.56,1511833775
aeon,Aeon,AEON,123,3.14204,0.00032451,224978.0,46034469.0,14651140.0,14651140.0,null,-0.19,1.95,25.18,1511833749
kin,Kin,KIN,124,0.0000606570,0.000000006,35602.1,45862610.0,756097560976,10000000000000,null,-0.63,-8.02,-17.34,1511833771
rchain,RChain,RHOC,125,0.240693,0.00002486,55036.8,43797267.0,181963195.0,870663574.0,1000000000.0,6.39,2.98,46.61,1511833773
groestlcoin,Groestlcoin,GRS,126,0.623848,0.00006443,2695200.0,42977256.0,68890589.0,68890589.0,105000000.0,-0.92,1.28,7.01,1511833744
request-network,Request Network,REQ,127,0.0673398,0.00000695,3462880.0,42828113.0,636000000.0,1000000000.0,null,-5.23,2.26,35.51,1511833773
viacoin,Viacoin,VIA,128,1.77838,0.00018367,524906.0,40735581.0,22906005.0,22906005.0,23000000.0,-2.35,3.09,20.54,1511833746
modum,Modum,MOD,129,2.31985,0.00023959,5620910.0,40286979.0,17366200.0,27266200.0,27266200.0,2.01,17.74,19.01,1511833776
fedoracoin,FedoraCoin,TIPS,130,0.0000903177,0.000000009,817.921,40025931.0,443168182458,443168182458,null,0.08,31.16,227.41,1511834042
centra,Centra,CTR,131,0.587871,0.00006072,1482600.0,39975228.0,68000000.0,98272765.0,null,-0.88,12.64,5.39,1511833770
decentraland,Decentraland,MANA,132,0.0175521,0.00000181,1475120.0,39909187.0,2273755650.0,2805886393.0,null,-1.24,10.47,35.67,1511833772
emercoin,Emercoin,EMC,133,0.966322,0.00009980,355903.0,39606202.0,40986547.0,40986547.0,null,-2.15,6.54,27.58,1511833746
sonm,SONM,SNM,134,0.108944,0.00001125,1380590.0,39176262.0,359600000.0,444000000.0,null,-0.85,3.8,24.16,1511833765
bitcore,Bitcore,BTX,135,32.6533,0.00337244,4653600.0,39040354.0,1195602.0,16625338.0,null,0.72,-9.16,21.17,1511833763
trust,WeTrust,TRST,136,0.41353,0.00004271,752399.0,38105756.0,92147500.0,100000000.0,100000000.0,-1.33,-1.62,49.5,1511833762
pillar,Pillar,PLR,137,0.166907,0.00001724,270046.0,37952115.0,227384800.0,800000000.0,null,0.7,-1.0,1.5,1511833769
firstblood,FirstBlood,1ST,138,0.440457,0.00004549,3532780.0,37684783.0,85558371.0,93468691.0,null,-2.84,3.16,28.64,1511833756
tokencard,TokenCard,TKN,139,1.59293,0.00016452,513955.0,37663326.0,23644056.0,30133540.0,null,-0.39,5.87,32.86,1511833763
tierion,Tierion,TNT,140,0.0889373,0.00000919,11656900.0,37577225.0,422513667.0,1000000000.0,null,-1.4,-7.43,82.44,1511833769
neblio,Neblio,NEBL,141,2.93707,0.00030334,304634.0,36964369.0,12585457.0,13317959.0,null,-2.32,-7.85,-3.88,1511833770
rise,Rise,RISE,142,0.323236,0.00003338,1187360.0,36570662.0,113139200.0,113139200.0,null,-0.7,3.39,27.45,1511833760
revain,Revain,R,143,0.195899,0.00002023,15520.6,36133571.0,184450000.0,484450000.0,484450000.0,-0.88,-8.12,23.79,1511833775
reddcoin,ReddCoin,RDD,144,0.00125566,0.00000013,626786.0,36009272.0,28677565617.0,28677565617.0,null,4.97,1.77,19.56,1511834042
zeusshield,Zeusshield,ZSC,145,0.0312258,0.00000323,1203880.0,35977451.0,1152170665.0,5642500000.0,null,-0.67,-7.06,-28.85,1511833775
triggers,Triggers,TRIG,146,1.11348,0.000115,20186000.0,35748918.0,32105578.0,32105578.0,null,-1.5,-22.93,91.23,1511833757
enigma-project,Enigma,ENG,147,0.47521,0.00004908,788660.0,35562897.0,74836171.0,150000000.0,null,-1.08,-2.07,24.83,1511833774
airswap,AirSwap,AST,148,0.235998,0.00002437,3263980.0,35399700.0,150000000.0,500000000.0,null,-0.98,0.23,15.71,1511833775
cloakcoin,CloakCoin,CLOAK,149,6.83784,0.00070621,336114.0,35038851.0,5124257.0,5124257.0,null,-3.21,-3.19,11.52,1511833751
cobinhood,Cobinhood,COB,150,0.136908,0.00001414,313368.0,35002228.0,255662404.0,1000000000.0,null,-1.09,15.28,101.78,1511833772
moeda-loyalty-points,Moeda Loyalty Points,MDA,151,1.78143,0.00018399,1987420.0,34967490.0,19628888.0,19628888.0,null,-2.68,-10.13,13.88,1511833774
okcash,OKCash,OK,152,0.470183,0.00004856,10073600.0,34483353.0,73340280.0,73340280.0,105000000.0,0.27,18.35,9.13,1511833749
gulden,Gulden,NLG,153,0.0952104,0.00000986,205551.0,33989603.0,356994645.0,459014800.0,null,2.39,3.08,7.5,1511834043
taas,TaaS,TAAS,154,4.13807,0.00042738,573834.0,33708721.0,8146001.0,8146001.0,null,-1.73,-6.33,-5.34,1511833762
library-credit,LBRY Credits,LBC,155,0.292694,0.00003023,4075350.0,33131756.0,113195885.0,505095888.0,null,-8.07,21.01,56.65,1511833754
amber,Ambrosus,AMB,156,0.226701,0.00002341,4082840.0,32778919.0,144590975.0,361477438.0,null,3.82,21.35,16.85,1511833775
bitdeal,Bitdeal,BDL,157,0.186677,0.00001928,128764.0,32777456.0,175583793.0,219424012.0,300000000.0,-2.89,-7.04,-3.2,1511833766
nolimitcoin,NoLimitCoin,NLC2,158,0.160144,0.00001654,101910.0,32745466.0,204475134.0,204475134.0,null,1.82,-0.18,-4.33,1511833755
atbcoin,ATBCoin,ATB,159,0.77798,0.00008035,2726900.0,30542015.0,39258098.0,51234898.0,300000000.0,5.41,-1.0,2.93,1511833772
cindicator,Cindicator,CND,160,0.0210149,0.00000217,401405.0,30387053.0,1445976590.0,2000000005.0,null,1.27,10.54,36.07,1511833773
genesis-vision,Genesis Vision,GVT,161,8.08785,0.00083531,12868300.0,30141645.0,3726781.0,4436644.0,null,2.71,36.07,253.46,1511833778
namecoin,Namecoin,NMC,162,1.94847,0.00020168,726895.0,28713433.0,14736400.0,14736400.0,null,-0.78,11.7,29.46,1511834041
leocoin,LEOcoin,LEO,163,0.29814,0.00003079,1129070.0,27993987.0,93895443.0,102252861.0,1000000000.0,-0.74,-2.54,3.11,1511833750
elastic,Elastic,XEL,164,0.316906,0.00003273,2134210.0,27769660.0,87627435.0,100000000.0,null,-0.54,5.87,27.86,1511833765
district0x,district0x,DNT,165,0.046116,0.00000476,2810880.0,27669600.0,600000000.0,1000000000.0,null,0.3,4.6,3.72,1511833770
ion,ION,ION,166,1.494,0.0001543,870192.0,26771155.0,17919113.0,23819113.0,null,-0.22,3.14,21.93,1511833755
agoras-tokens,Agoras Tokens,AGRS,167,0.621321,0.00006417,2403140.0,26095482.0,42000000.0,42000000.0,null,-0.82,8.32,64.57,1511833750
etheroll,Etheroll,DICE,168,3.72027,0.00038423,117818.0,26047927.0,7001623.0,7001623.0,7001622.0,3.14,25.48,35.02,1511833763
xaurum,Xaurum,XAUR,169,0.203164,0.00002098,213259.0,25823817.0,127108232.0,127108232.0,null,-1.46,-2.61,20.22,1511833748
icos,ICOS,ICOS,170,44.2982,0.00457512,25314.8,25426880.0,573994.0,591617.0,null,-1.13,-9.49,-5.65,1511833775
crown,Crown,CRW,171,1.5631,0.00016144,349437.0,25309271.0,16191716.0,16191716.0,null,-2.07,-7.18,25.57,1511833753
blackcoin,BlackCoin,BLK,172,0.328582,0.00003401,1586010.0,25141344.0,76514671.0,76514671.0,null,-1.41,-2.12,17.98,1511834043
sibcoin,SIBCoin,SIB,173,1.57058,0.00016221,105833.0,24973876.0,15901053.0,15901053.0,null,0.46,-1.08,20.29,1511833750
eidoo,Eidoo,EDO,174,2.33017,0.00024066,1916440.0,24952399.0,10708403.0,90708326.0,null,-0.65,-1.16,0.2,1511833773
diamond,Diamond,DMD,175,9.78175,0.00101249,56220.3,24771059.0,2532375.0,2532375.0,null,-1.33,-0.57,0.24,1511834042
shift,Shift,SHIFT,176,2.1588,0.00022296,1052810.0,24711671.0,11446948.0,11446948.0,null,1.27,-3.68,59.6,1511833750
stox,Stox,STX,177,0.56892,0.00005876,1999630.0,24375278.0,42844826.0,58692426.0,null,-0.83,-3.44,12.07,1511833768
dentacoin,Dentacoin,DCN,178,0.0000743930,0.000000008,10755.9,24191876.0,325190215376,8000000000000,null,3.61,0.11,0.25,1511833771
everex,Everex,EVX,179,1.46376,0.00015118,2608150.0,24152040.0,16500000.0,25000000.0,null,3.17,3.34,-10.38,1511833772
red-pulse,Red Pulse,RPX,180,0.0444125,0.00000459,1002490.0,24131465.0,543348500.0,1358371250.0,null,0.19,-9.41,2.72,1511833777
jinn,Jinn,JINN,181,409.1,0.0422518,5727.39,24015397.0,58703.0,1000000.0,null,-4.15,2.41,92.36,1511833746
unikoin-gold,Unikoin Gold,UKG,182,0.179966,0.00001859,214852.0,23902018.0,132814073.0,1000000000.0,null,0.18,-6.41,47.89,1511833776
viberate,Viberate,VIB,183,0.148672,0.00001535,2724950.0,23884375.0,160651468.0,200000000.0,null,-3.42,-0.44,21.97,1511833773
raiblocks,RaiBlocks,XRB,184,0.178218,0.00001841,310826.0,23747244.0,133248290.0,340282367.0,340282367.0,-0.72,-0.37,20.14,1511833764
safe-exchange-coin,Safe Exchange Coin,SAFEX,185,0.0106493,0.00000110,1388510.0,22869198.0,2147483647.0,2147483647.0,2147483647.0,-0.81,2.42,20.67,1511833753
e-coin,E-coin,ECN,186,4.77039,0.00049268,2374.69,21749847.0,4559344.0,212848236.0,null,-0.63,95.06,103.98,1511833763
rubycoin,Rubycoin,RBY,187,0.86602,0.00008964,278712.0,21673472.0,25026526.0,25026526.0,null,-1.21,-4.64,14.64,1511834043
etherparty,Etherparty,FUEL,188,0.0450679,0.00000465,586126.0,21598780.0,479249753.0,1000000000.0,null,0.97,-9.87,70.95,1511833776
coindash,CoinDash,CDT,189,0.0382454,0.00000395,936549.0,21442287.0,560650080.0,1000000000.0,null,-2.68,-6.74,18.58,1511833770
agrello-delta,Agrello,DLT,190,0.248789,0.00002569,1930050.0,21390598.0,85978873.0,130271020.0,null,-0.59,-6.95,52.53,1511833771
synereo,Synereo,AMP,191,0.257266,0.00002657,1530800.0,21161755.0,82256324.0,949291063.0,null,-1.31,-9.59,44.91,1511833753
clams,Clams,CLAM,192,7.68143,0.00079334,512640.0,20994896.0,2733201.0,16462436.0,null,0.76,4.49,34.04,1511833745
delphy,Delphy,DPY,193,0.770047,0.00007953,32300.4,20855441.0,27083335.0,100000000.0,null,-4.3,-9.2,7.29,1511833777
toacoin,ToaCoin,TOA,194,0.0118547,0.00000122,27915.0,20585157.0,1736455312.0,8885254986.0,null,-0.16,-0.03,14.97,1511833769
gridcoin,GridCoin,GRC,195,0.0525113,0.00000542,151169.0,20495830.0,390312753.0,390312753.0,null,-0.7,1.18,34.12,1511833755
enjin-coin,Enjin Coin,ENJ,196,0.0267346,0.00000276,825641.0,20216505.0,756192535.0,1000000000.0,null,3.74,8.82,15.82,1511833775
numeraire,Numeraire,NMR,197,15.5619,0.00160723,194907.0,20192720.0,1297574.0,2297574.0,21000000.0,-1.06,-1.95,32.28,1511833765
mothership,Mothership,MSP,198,0.143535,0.00001482,139810.0,20094900.0,140000000.0,200000000.0,null,-0.98,1.43,21.6,1511833771
voxels,Voxels,VOX,199,0.0956027,0.00000987,13858400.0,20076567.0,210000000.0,210000000.0,210000000.0,-1.6,-20.32,134.14,1511833752
mcap,MCAP,MCAP,200,0.521923,0.00005390,1430970.0,19987376.0,38295641.0,100000000.0,null,0.42,26.83,35.6,1511833765
mercury,Mercury,MER,201,0.198855,0.00002054,2148290.0,19885500.0,100000000.0,100000000.0,null,-2.29,0.32,10.31,1511833761
domraider,DomRaider,DRT,202,0.0334622,0.00000346,255023.0,19792891.0,591500000.0,1300000000.0,null,-0.65,-1.65,7.67,1511833775
rialto,Rialto,XRL,203,0.225513,0.00002329,70203.5,19168605.0,85000000.0,100000000.0,null,3.68,-1.89,27.28,1511833768
humaniq,Humaniq,HMQ,204,0.117612,0.00001215,3820680.0,19154511.0,162861876.0,184193876.0,920952070.0,0.12,7.8,22.7,1511833764
pepe-cash,Pepe Cash,PEPECASH,205,0.026797,0.00000277,28625.2,18808386.0,701884009.0,701884009.0,null,-0.58,-5.16,3.14,1511833756
aventus,Aventus,AVT,206,3.09462,0.00031961,1176070.0,18567720.0,6000000.0,10000000.0,null,2.65,6.26,30.48,1511833771
monetaryunit,MonetaryUnit,MUE,207,0.155403,0.00001605,639884.0,18464140.0,118814569.0,118814569.0,4000000000.0,-1.16,3.14,34.89,1511833746
poet,Po.et,POE,208,0.00852573,0.00000088,1010020.0,18384792.0,2156389197.0,3141592653.0,null,-1.26,10.5,10.28,1511833773
bitdice,BitDice,CSNO,209,0.260626,0.00002692,69700.9,18243820.0,70000000.0,100000000.0,null,-0.53,0.43,0.25,1511833771
smartcash,SmartCash,SMART,210,0.0493263,0.00000509,100249.0,18111010.0,367167412.0,968211691.0,5000000000.0,-1.13,4.76,-3.65,1511833768
peerplays-ppy,Peerplays,PPY,211,4.66015,0.0004813,5958.79,17806841.0,3821087.0,5494591.0,null,-0.51,-4.02,-1.07,1511833765
the-champcoin,The ChampCoin,TCC,212,0.107281,0.00001108,445465.0,17693397.0,164925727.0,218000000.0,516085281.0,-0.91,1.75,18.19,1511833770
blocktix,Blocktix,TIX,213,0.441682,0.00004562,1970020.0,17667280.0,40000000.0,62500000.0,null,0.26,-9.64,181.7,1511833770
soarcoin,Soarcoin,SOAR,214,0.0247409,0.00000256,12037.8,17629665.0,712571710.0,5000000000.0,5000000000.0,-0.52,2.66,6.26,1511833762
chronobank,Chronobank,TIME,215,24.6709,0.002548,1009570.0,17519122.0,710113.0,710113.0,null,-0.31,-1.39,5.64,1511833762
expanse,Expanse,EXP,216,2.19768,0.00022698,434844.0,17375730.0,7906397.0,16906397.0,null,0.68,4.85,25.19,1511833750
target-coin,Target Coin,TGT,217,0.0181932,0.00000188,747.404,17327748.0,952429892.0,2000100000.0,null,-0.54,1.79,-45.25,1511833772
blockmason,BlockMason Credit Protocol,BCPT,218,0.380178,0.00003926,1792500.0,17171196.0,45166200.0,116158667.0,null,-3.91,-4.13,79.6,1511833774
vericoin,VeriCoin,VRC,219,0.56178,0.00005802,325260.0,17124621.0,30482789.0,30482789.0,null,-2.14,-1.59,13.9,1511833745
salus,SaluS,SLS,220,16.8683,0.00174216,118176.0,16953612.0,1005058.0,1005058.0,null,-0.54,1.38,21.54,1511833753
digitalnote,DigitalNote,XDN,221,0.00245676,0.00000025,5075580.0,16916502.0,6885695758.0,6885695758.0,null,-0.66,1.54,18.51,1511833746
solarcoin,SolarCoin,SLR,222,0.4524,0.00004672,332953.0,16849566.0,37244842.0,98034308695.0,null,-1.39,0.21,-42.5,1511833757
omni,Omni,OMNI,223,29.9434,0.00309938,122347.0,16773833.0,560185.0,616501.0,null,-0.26,4.24,28.77,1511834041
unobtanium,Unobtanium,UNO,224,83.8944,0.00868374,16461.3,16598279.0,197847.0,197847.0,null,1.45,-1.8,45.44,1511834042
golos,Golos,GOLOS,225,0.132328,0.00001367,94130.0,16477336.0,124518891.0,124518891.0,null,-2.46,7.28,24.72,1511833760
guppy,Matchpool,GUP,226,0.21849,0.00002257,945931.0,16386750.0,75000000.0,98855150.0,null,-1.02,-2.55,16.79,1511833764
paragon,Paragon,PRG,227,0.244486,0.00002525,142009.0,15876112.0,64936693.0,164936693.0,null,2.91,-4.85,-23.68,1511833776
bitqy,bitqy,BQ,228,0.00642517,0.00000066,14637.9,15765238.0,2453668579.0,10000000000.0,null,-0.3,-23.44,70.84,1511833769
whitecoin,WhiteCoin,XWC,229,0.0622555,0.00000643,142087.0,15471443.0,248515285.0,248515285.0,null,-0.25,-5.18,14.02,1511833745
bitsend,BitSend,BSD,230,0.886709,0.00009158,281242.0,15346583.0,17307350.0,17307350.0,null,-1.24,-2.44,-4.55,1511833746
polybius,Polybius,PLBT,231,3.9809,0.00041115,293499.0,15210834.0,3820954.0,3969565.0,null,-1.49,6.12,27.14,1511833767
paypex,Paypex,PAYX,232,0.219936,0.00002271,14060.3,15039280.0,68380258.0,150000000.0,null,-0.64,-9.17,1.24,1511833777
lomocoin,LoMoCoin,LMC,233,0.0677898,0.00000700,2271180.0,14955575.0,220616887.0,305616887.0,null,4.14,14.29,43.2,1511833756
bitcloud,Bitcloud,BTDX,234,0.96633,0.00009980,58013.5,14947894.0,15468726.0,15468726.0,null,-0.52,-5.0,11.18,1511833757
alis,ALIS,ALIS,235,0.385139,0.00003978,87302.8,14842736.0,38538648.0,75209200.0,null,-0.92,-0.54,-3.85,1511833772
radium,Radium,RADS,236,4.3569,0.00044998,226150.0,14800666.0,3397064.0,3397064.0,null,-2.42,4.81,21.54,1511833756
burst,Burst,BURST,237,0.00818081,0.00000084,888404.0,14728238.0,1800339818.0,1800339818.0,null,-1.42,11.78,37.39,1511833745
databits,Databits,DTB,238,0.643687,0.00006648,214368.0,14642469.0,22747809.0,22747809.0,null,-2.54,-2.86,55.42,1511833763
blackmoon-crypto,Blackmoon Crypto,BMC,239,0.478301,0.00004940,976099.0,14372587.0,30049251.0,60000000.0,null,-0.45,-1.21,5.1,1511833772
nexium,Nexium,NXC,240,0.213962,0.00002210,134120.0,14233092.0,66521586.0,66521586.0,null,3.66,6.57,32.3,1511833758
patientory,Patientory,PTOY,241,0.199016,0.00002055,1122430.0,13931120.0,70000000.0,100002000.0,null,-3.21,-1.61,19.09,1511833764
lunyr,Lunyr,LUN,242,6.00829,0.00062054,302883.0,13806168.0,2297853.0,2703356.0,null,-0.79,-0.22,30.8,1511833762
adtoken,adToken,ADT,243,0.0229968,0.00000238,98985.3,13798080.0,600000000.0,1000000000.0,1000000000.0,-1.12,4.26,23.02,1511833767
monetha,Monetha,MTH,244,0.0632545,0.00000653,650758.0,13717587.0,216863420.0,402400000.0,null,-0.13,-5.47,2.39,1511833770
dubaicoin-dbix,DubaiCoin,DBIX,245,8.5847,0.00088663,290937.0,13516747.0,1574516.0,1574516.0,null,1.64,7.88,-10.27,1511833761
credence-coin,Credence Coin,CRDNC,246,4.00957,0.00041411,718204.0,13398643.0,3341666.0,9141666.0,25000000.0,-3.54,-14.56,-6.06,1511833776
hive,Hive,HVN,247,0.0354193,0.00000366,180422.0,13282238.0,375000000.0,500000000.0,null,-3.77,8.01,64.75,1511833772
transfercoin,TransferCoin,TX,248,2.13471,0.00022047,3228160.0,13277158.0,6219654.0,6219654.0,null,-10.17,19.03,11.4,1511833749
nimiq,Nimiq,NET,249,1.26314,0.00013046,231519.0,13262970.0,10500000.0,10500000.0,null,-1.01,0.84,5.46,1511833768
obits,OBITS,OBITS,250,0.82357,0.00008506,24907.2,13004088.0,15789900.0,15789900.0,null,0.63,6.62,30.18,1511833751
energycoin,Energycoin,ENRG,251,0.106507,0.00001100,54906.9,12932190.0,121421038.0,121421038.0,null,-0.72,-0.41,2.0,1511833744
swarm-city,Swarm City,SWT,252,1.63783,0.00016915,508148.0,12910792.0,7882865.0,7882865.0,null,-2.09,-1.55,-5.77,1511833761
decision-token,Decision Token,HST,253,0.408719,0.00004221,303693.0,12745009.0,31182814.0,48240070.0,null,-4.32,-5.59,192.47,1511833777
florincoin,FlorinCoin,FLO,254,0.090812,0.00000938,297349.0,12724600.0,140120243.0,140120243.0,null,-0.82,3.46,30.82,1511833746
wagerr,Wagerr,WGR,255,0.0693698,0.00000716,56470.4,12694673.0,183000000.0,198360471.0,200000000.0,-0.55,-4.95,20.63,1511833767
neoscoin,NeosCoin,NEOS,256,3.52522,0.00036408,191379.0,12642508.0,3586303.0,3586303.0,null,-0.92,-3.94,16.91,1511833746
vcash,Vcash,XVC,257,0.814776,0.00008415,235816.0,12511492.0,15355744.0,15355744.0,null,-0.05,-3.16,13.46,1511833750
mysterium,Mysterium,MYST,258,0.640912,0.00006619,702230.0,12452295.0,19429024.0,32433366.0,null,-6.47,-0.27,20.29,1511833767
novacoin,Novacoin,NVC,259,6.47975,0.0006707,600483.0,12376961.0,1910099.0,1910099.0,null,-0.03,10.59,48.88,1511834041
waves-community-token,Waves Community Token,WCT,260,1.23309,0.00012735,23156.8,12299979.0,9974924.0,10000000.0,null,-0.89,0.65,10.21,1511833760
sphere,Sphere,SPHR,261,3.86319,0.00039899,81968.0,11909984.0,3082940.0,3082940.0,null,1.95,1.1,31.37,1511833748
casinocoin,CasinoCoin,CSC,262,0.306762,0.00003175,5512.11,11841377.0,38601187.0,38601187.0,null,-0.69,-28.48,43.64,1511834041
bitcny,bitCNY,BITCNY,263,0.146855,0.00001517,2062690.0,11747460.0,79993600.0,79993600.0,null,-0.78,-0.29,9.63,1511833749
suncontract,SunContract,SNC,264,0.106934,0.00001104,489683.0,11518076.0,107712011.0,122707503.0,null,3.29,-9.46,114.29,1511833768
ixledger,iXledger,IXT,265,0.320808,0.00003313,80111.7,11478139.0,35778844.0,65778844.0,null,-2.46,3.99,42.28,1511833768
prizm,PRIZM,PZM,266,1.04132,0.00010755,13053.9,11450959.0,10996580.0,10996580.0,6000000000.0,-0.39,-8.4,2.7,1511833764
nvo,NVO,NVST,267,0.761474,0.00007864,4274.26,11422110.0,15000000.0,15000000.0,null,1.31,47.25,175.01,1511833766
cvcoin,CVCoin,CVCOIN,268,1.1528,0.00011906,3735.15,11340132.0,9837033.0,15000000.0,null,4.81,8.45,35.68,1511833767
maecenas,Maecenas,ART,269,0.372071,0.00003843,14957.6,11217997.0,30150150.0,100000000.0,null,-0.59,-19.84,6.0,1511833776
obsidian,Obsidian,ODN,270,0.458486,0.00004735,122638.0,11187058.0,24400000.0,91577186.0,null,-0.04,-6.98,82.2,1511833773
bcap,BCAP,BCAP,271,1.11856,0.00011553,17705.3,11185600.0,10000000.0,10000000.0,null,-0.6,-25.09,-9.52,1511833766
airtoken,AirToken,AIR,272,0.0104142,0.00000108,94824.3,10934910.0,1050000000.0,1491492558.0,null,1.81,-9.41,32.65,1511833774
pascal-coin,Pascal Coin,PASC,273,0.702557,0.00007256,138017.0,10902350.0,15518100.0,15518100.0,null,-2.26,3.65,10.57,1511833759
quantum,Quantum,QAU,274,0.138371,0.00001429,24060.4,10859488.0,78480955.0,243389002.0,null,0.24,-1.96,27.15,1511833765
primas,Primas,PST,275,0.208666,0.00002155,20676.4,10683699.0,51200000.0,100000000.0,null,0.22,-4.15,-10.24,1511833771
yoyow,YOYOW,YOYOW,276,0.0624426,0.00000645,740149.0,10498301.0,168127224.0,300000000.0,1000000000.0,-1.46,6.8,1.45,1511833771
flixxo,Flixxo,FLIXX,277,0.151485,0.00001565,217925.0,10450442.0,68986645.0,189151329.0,null,2.45,29.25,null,1511833779
gambit,Gambit,GAM,278,8.71418,0.0009,57555.4,10440354.0,1198088.0,1198088.0,null,-0.54,6.94,24.69,1511833749
oax,OAX,OAX,279,0.41503,0.00004286,1691900.0,10379589.0,25009250.0,100000000.0,null,0.48,4.91,22.15,1511833769
onix,Onix,ONX,280,0.37326,0.00003855,190815.0,10239572.0,27432814.0,103181030.0,null,-0.08,2.29,29.13,1511833766
investfeed,InvestFeed,IFT,281,0.0529451,0.00000547,66839.9,10132700.0,191381257.0,191381257.0,null,-1.38,-3.62,-7.96,1511833770
credo,Credo,CREDO,282,0.0179252,0.00000185,6515.01,9856919.0,549891703.0,1374729257.0,null,19.79,5.44,17.88,1511833770
heat-ledger,HEAT,HEAT,283,0.323408,0.00003340,21710.3,9855879.0,30475064.0,30475064.0,null,-2.43,59.61,74.58,1511833754
incent,Incent,INCNT,284,0.212138,0.00002191,115021.0,9761875.0,46016625.0,46016625.0,null,-0.21,-0.79,12.0,1511833760
masternodecoin,Masternodecoin,MTNC,285,0.197715,0.00002042,14621.0,9654453.0,48830151.0,103876090.0,null,-0.19,10.86,34.44,1511833772
riecoin,Riecoin,RIC,286,0.236135,0.00002444,4867120.0,9281599.0,39306325.0,39306325.0,null,-4.4,48.76,279.94,1511834042
korecoin,Kore,KORE,287,4.56168,0.00047113,1084480.0,9224101.0,2022084.0,2022084.0,null,-2.78,11.27,52.52,1511833745
pinkcoin,PinkCoin,PINK,288,0.0246383,0.00000254,196464.0,9115636.0,369978300.0,386978300.0,null,-2.45,4.95,19.14,1511833745
bitbean,BitBean,BITB,289,0.00407182,0.00000042,200333.0,9113254.0,2238128000.0,2238128000.0,null,-1.48,3.6,14.54,1511833747
bitcoin-plus,Bitcoin Plus,XBC,290,86.8615,0.00897105,135337.0,8964738.0,103207.0,103207.0,null,0.41,0.5,3.15,1511833744
rivetz,Rivetz,RVT,291,0.341553,0.00003528,22299.6,8963877.0,26244468.0,200000000.0,null,-0.59,9.82,11.27,1511833773
xtrabytes,XTRABYTES,XBY,292,0.0208304,0.00000215,48623.5,8957072.0,430000000.0,650000000.0,650000000.0,-0.52,-1.77,16.73,1511833762
dao-casino,DAO.Casino,BET,293,0.0532149,0.00000550,39362.3,8901300.0,167270821.0,167270821.0,null,3.47,-6.39,-9.24,1511833766
musicoin,Musicoin,MUSIC,294,0.0187838,0.00000194,768192.0,8806679.0,468844390.0,468844390.0,null,1.43,17.65,50.24,1511833763
latoken,LAToken,LA,295,0.217815,0.00002250,56068.4,8782956.0,40323010.0,400000000.0,null,12.7,28.57,75.94,1511833776
spectrecoin,Spectrecoin,XSPEC,296,0.416441,0.00004301,36864.9,8655836.0,20785264.0,20785264.0,null,0.87,0.8,3.45,1511833760
blockcat,BlockCAT,CAT,297,1.1545,0.00011924,57394.5,8497260.0,7360121.0,9200151.0,null,-3.15,-11.98,1.18,1511833771
stealthcoin,Stealthcoin,XST,298,0.307078,0.00003171,126625.0,8436638.0,27473925.0,27473925.0,null,-1.59,-7.53,20.32,1511833746
kickico,KickCoin,KICK,299,0.0257546,0.00000266,937500.0,8270775.0,321137782.0,457760868.0,null,-1.11,-17.02,-19.83,1511833774
dent,Dent,DENT,300,0.000775803,0.00000008,28602.1,8234963.0,10614760961.0,100000000000,null,11.34,2.18,59.95,1511833770
change,Change,CAG,301,0.259556,0.00002681,196215.0,8221085.0,31673646.0,79184116.0,null,1.75,-4.43,-3.04,1511833773
bitcrystals,Bitcrystals,BCY,302,0.346049,0.00003574,200001.0,8037330.0,23225989.0,23225989.0,null,0.37,-5.07,20.76,1511833750
htmlcoin,HTMLCOIN,HTML5,303,0.000193648,0.00000002,6061.93,7873538.0,40659020000.0,40659020000.0,null,-0.49,11.7,-33.23,1511833748
lampix,Lampix,PIX,304,0.0687811,0.00000710,24838.3,7794413.0,113322017.0,327154880.0,657154880.0,-9.26,-10.08,16.08,1511833773
farad,Farad,FRD,305,0.0476708,0.00000492,35859.0,7627328.0,160000000.0,1600000000.0,null,-10.64,-35.42,-29.48,1511833777
mooncoin,Mooncoin,MOON,306,0.0000341513,0.000000004,12350.7,7611651.0,222880265951,222880265951,null,-1.45,-22.58,-34.24,1511834041
curecoin,Curecoin,CURE,307,0.319674,0.00003302,90395.3,7610341.0,23806568.0,23806568.0,null,-0.27,-2.03,13.94,1511833745
foldingcoin,FoldingCoin,FLDC,308,0.0144815,0.00000150,990185.0,7598193.0,524682737.0,1000000000.0,null,-2.47,9.93,49.79,1511833745
sequence,Sequence,SEQ,309,0.161309,0.00001666,56001.8,7287676.0,45178360.0,45178360.0,null,-0.87,4.64,18.05,1511833756
karbowanec,Karbowanec,KRB,310,1.49484,0.00015439,184604.0,7226882.0,4834552.0,4834552.0,null,-1.52,-12.0,-23.66,1511833755
global-currency-reserve,Global Currency Reserve,GCR,311,0.0696425,0.00000719,58090.7,7203744.0,103438901.0,103438901.0,null,-2.5,0.73,44.92,1511833755
e-dinar-coin,E-Dinar Coin,EDR,312,0.0078661,0.00000081,702197.0,6971032.0,886211988.0,1011211988.0,999999999999999,0.19,-3.42,-0.7,1511833761
autonio,Autonio,NIO,313,0.10149,0.00001048,33776.4,6680897.0,65828135.0,220466789.0,null,1.93,26.68,62.71,1511833776
goldcoin,GoldCoin,GLD,314,0.164049,0.00001698,49450.4,6668878.0,40651744.0,40651744.0,72245700.0,0.48,-1.81,1.6,1511834041
vibe,VIBE,VIBE,315,0.0386267,0.00000399,59439.9,6625854.0,171535604.0,267000000.0,null,-2.79,6.52,23.31,1511833771
auroracoin,Auroracoin,AUR,316,0.760895,0.00007876,28408.7,6587935.0,8658139.0,8658139.0,null,0.03,0.31,16.33,1511834043
qwark,Qwark,QWARK,317,0.158576,0.00001638,177573.0,6548665.0,41296696.0,206075989.0,null,-1.78,0.58,17.03,1511833757
myriad,Myriad,XMY,318,0.00425715,0.00000044,136358.0,6524621.0,1532626500.0,1532626500.0,null,-1.09,7.02,33.7,1511833743
bitusd,bitUSD,BITUSD,319,1.01098,0.00010441,1174170.0,6389131.0,6319740.0,6319740.0,null,0.16,0.8,10.67,1511833748
earthcoin,EarthCoin,EAC,320,0.000550667,0.00000006,48700.9,6338804.0,11511138937.0,11511138937.0,null,2.32,3.24,45.8,1511834042
zrcoin,ZrCoin,ZRC,321,1.69229,0.00017478,18531.4,6160802.0,3640512.0,4988894.0,null,-0.13,0.6,8.69,1511833765
mybit-token,MyBit Token,MYB,322,2.35164,0.00024288,19048.5,6152675.0,2616334.0,2812073.0,null,0.4,2.1,16.36,1511833771
posw-coin,PoSW Coin,POSW,323,0.138975,0.00001435,54305.0,6128797.0,44100000.0,70000000.0,null,-5.92,4.45,28.9,1511833759
apx,APX,APX,324,8.71447,0.00090003,44242.6,6127832.0,703179.0,803179.0,null,-7.24,-7.54,23.3,1511833764
dcorp,DCORP,DRP,325,0.754705,0.00007795,40091.8,6108584.0,8094002.0,8094002.0,null,-4.58,-2.22,-12.63,1511833778
dynamic,Dynamic,DYN,326,3.436,0.00035487,1191100.0,6092416.0,1773113.0,4527017.0,null,-0.06,-9.54,1.71,1511833761
creditbit,Creditbit,CRB,327,0.367416,0.00003795,99742.6,6064107.0,16504744.0,16504744.0,null,-0.76,-3.73,15.21,1511833752
europecoin,EuropeCoin,ERC,328,0.606313,0.00006262,137296.0,6033899.0,9951790.0,9951790.0,32000000.0,-0.54,1.07,20.79,1511833748
sexcoin,Sexcoin,SXC,329,0.0480274,0.00000497,63270.8,6017167.0,125286126.0,125286126.0,null,-7.32,-9.76,36.28,1511834041
exclusivecoin,ExclusiveCoin,EXCL,330,1.37442,0.00014195,7395440.0,5974270.0,4346757.0,4346757.0,null,0.58,-21.36,29.51,1511833746
aeron,Aeron,ARN,331,0.505692,0.00005223,4492660.0,5968900.0,11803431.0,20000000.0,null,-3.01,-19.97,35.23,1511833775
encryptotel,EncryptoTel WAVES,ETT,332,0.0942121,0.00000973,868.333,5853510.0,62131190.0,77663987.0,null,-0.46,-23.52,-26.38,1511833766
coss,COSS,COSS,333,0.0704604,0.00000728,169024.0,5848213.0,83000000.0,200000000.0,200000000.0,1.18,15.47,22.04,1511833772
xenon,Xenon,XNN,334,0.0193319,0.00000200,26826.9,5799570.0,300000000.0,1000000000.0,null,4.05,15.09,33.35,1511833774
deeponion,DeepOnion,ONION,335,1.4788,0.00015273,72242.4,5724789.0,3871239.0,18976358.0,null,-0.14,1.23,69.23,1511833768
synergy,Synergy,SNRG,336,1.75971,0.00018174,31223.4,5671638.0,3223053.0,3223053.0,null,0.1,0.57,15.86,1511833757
bridgecoin,BridgeCoin,BCO,337,0.208092,0.00002149,45804.6,5607856.0,26948928.0,26948928.0,27000000.0,-3.89,-0.59,38.18,1511833774
steem-dollars,Steem Dollars,SBD,338,1.64393,0.00016978,660069.0,5562870.0,3383885.0,3383885.0,null,-0.56,-6.3,67.59,1511833755
centurion,Centurion,CNT,339,0.0751513,0.00000776,50601.7,5552018.0,73877869.0,78877869.0,250000000.0,-4.87,-28.93,-41.39,1511833760
artbyte,ArtByte,ABY,340,0.00688561,0.00000071,97257.9,5457102.0,792537250.0,792537250.0,null,-0.8,-2.47,30.83,1511833746
syndicate,Syndicate,SYNX,341,0.330113,0.00003409,831034.0,5416375.0,16407640.0,16407640.0,null,1.6,4.37,35.42,1511833755
hempcoin,HempCoin,THC,342,0.0236251,0.00000244,274447.0,5406888.0,228862023.0,228862023.0,null,-0.69,-4.62,29.53,1511833746
primecoin,Primecoin,XPM,343,0.251329,0.00002601,260880.0,5397346.0,21475220.0,21475220.0,null,-2.31,26.29,61.82,1511834041
thegcccoin,TheGCCcoin,GCC,344,0.0106206,0.00000110,6760.05,5287812.0,497882624.0,888129192.0,2400000000.0,-0.49,-4.55,3.66,1511833762
pluton,Pluton,PLU,345,6.20799,0.00064116,5302.54,5276788.0,850000.0,20000000.0,20000000.0,-0.59,-10.57,-17.26,1511833756
circuits-of-value,Circuits of Value,COVAL,346,0.00522851,0.00000054,65479.2,5228510.0,1000000000.0,1200000000.0,null,3.34,6.2,19.13,1511833749
pesetacoin,Pesetacoin,PTC,347,0.0395998,0.00000410,58312.9,5213197.0,131647064.0,131647064.0,null,-3.22,7.71,20.72,1511834043
clearpoll,ClearPoll,POLL,348,0.73397,0.00007580,197504.0,5137783.0,6999991.0,9999991.0,null,-0.79,15.21,75.77,1511833774
decent-bet,DecentBet,DBET,349,0.153389,0.00001584,30388.9,5072454.0,33069217.0,93840196.0,null,0.53,-2.19,-7.34,1511833777
bitswift,Bitswift,SWIFT,350,1.2194,0.00012594,109515.0,4961979.0,4069197.0,4069197.0,null,-2.05,-2.48,14.06,1511833749
dovu,Dovu,DOVU,351,0.146315,0.00001511,22281.5,4883047.0,33373523.0,1200000000.0,null,-0.6,-5.73,-22.94,1511833776
publica,Publica,PBL,352,0.260703,0.00002693,261283.0,4844626.0,18582933.0,33787150.0,null,-10.97,18.84,null,1511833779
project-decorum,Project Decorum,PDC,353,0.0967274,0.00000999,280272.0,4836370.0,50000000.0,50000000.0,null,-12.28,-18.43,-18.25,1511833753
neutron,Neutron,NTRN,354,0.148767,0.00001536,20285.7,4813074.0,32353103.0,32353103.0,null,-0.04,12.63,24.55,1511833750
trustplus,TrustPlus,TRUST,355,0.149206,0.00001541,290474.0,4787513.0,32086595.0,32086595.0,null,-0.92,-2.61,58.79,1511833747
belacoin,Bela,BELA,356,0.122292,0.00001266,194354.0,4736519.0,38731225.0,38731225.0,null,-1.48,2.75,22.96,1511834043
propy,Propy,PRO,357,0.325416,0.00003361,144014.0,4574442.0,14057212.0,100000000.0,null,-0.7,-7.78,0.45,1511833771
chaincoin,ChainCoin,CHC,358,0.320936,0.00003315,39504.0,4521109.0,14087259.0,16116957.0,23000000.0,-8.38,5.98,-16.96,1511833752
internet-of-people,Internet of People,IOP,359,2.48286,0.00025643,890233.0,4509139.0,1816107.0,1837958.0,21000000.0,-0.76,0.43,5.02,1511833759
memetic,Memetic,MEME,360,0.269033,0.00002779,317902.0,4427959.0,16458796.0,16458796.0,null,-1.5,-1.66,22.55,1511833757
breakout-stake,Breakout Stake,BRX,361,0.704345,0.00007274,49809.8,4414893.0,6268082.0,6268082.0,null,-2.1,-3.55,27.44,1511833754
rupee,Rupee,RUP,362,0.197504,0.00002040,46980.3,4402364.0,22290000.0,22290000.0,84000000.0,0.49,-5.4,4.77,1511833768
parkbyte,ParkByte,PKB,363,0.922321,0.00009526,216204.0,4393962.0,4764026.0,4764026.0,null,1.74,-1.54,59.11,1511833751
tao,Tao,XTO,364,0.133133,0.00001375,6967.85,4345344.0,32639120.0,32639120.0,null,-0.49,2.04,-5.6,1511833757
voisecom,Voise,VOISE,365,0.00672843,0.00000069,387213.0,4326461.0,643012000.0,825578000.0,null,0.27,-8.14,-24.08,1511833772
nushares,NuShares,NSR,366,0.00154919,0.00000016,697.134,4303031.0,2777600756.0,3319284571.0,null,-0.51,1.07,23.7,1511833746
supercoin,SuperCoin,SUPER,367,0.0897069,0.00000926,62700.9,4206395.0,46890425.0,46890425.0,null,-14.16,3.84,-44.62,1511833745
blitzcash,Blitzcash,BLITZ,368,1.00232,0.00010352,54366.1,4116614.0,4107085.0,4107085.0,null,-1.76,-1.73,17.23,1511833747
hush,Hush,HUSH,369,1.81005,0.00018694,50146.9,4059037.0,2242500.0,2242500.0,21000000.0,-1.97,-4.92,22.67,1511833758
bitmark,Bitmark,BTM,370,0.557639,0.00005759,273694.0,4036593.0,7238720.0,7238720.0,null,0.22,9.82,31.86,1511833747
huntercoin,HunterCoin,HUC,371,0.198683,0.00002052,916022.0,4025633.0,20261590.0,20261590.0,null,-1.15,42.52,79.02,1511833756
hedge,Hedge,HDG,372,1.07894,0.00011143,44320.4,4002516.0,3709674.0,5100033.0,null,-1.59,10.22,19.54,1511833775
indorse-token,Indorse Token,IND,373,0.0856063,0.00000884,328016.0,3981394.0,46508192.0,170622047.0,null,-0.22,8.92,46.82,1511833770
breakout,Breakout,BRK,374,0.217091,0.00002242,205210.0,3938483.0,18142083.0,18142083.0,null,-0.97,11.68,35.63,1511833755
putincoin,PutinCoin,PUT,375,0.0123683,0.00000128,3204.26,3910750.0,316191398.0,316191398.0,2000000000.0,-2.6,-4.29,3.05,1511833755
veriumreserve,VeriumReserve,VRM,376,2.77847,0.00028696,136172.0,3846625.0,1384440.0,1384440.0,null,-1.38,8.15,21.44,1511833755
vslice,vSlice,VSL,377,0.114888,0.00001187,16963.8,3836167.0,33390496.0,33390496.0,null,-1.11,11.28,19.44,1511833759
real,REAL,REAL,378,0.378626,0.00003910,19673.3,3807394.0,10055817.0,19717288.0,null,10.3,-9.51,6.94,1511833773
evergreencoin,EverGreenCoin,EGC,379,0.281746,0.00002910,32109.2,3753223.0,13321301.0,13321301.0,null,-3.24,1.22,20.1,1511833751
bismuth,Bismuth,BIS,380,0.759151,0.00007841,41424.6,3709641.0,4886565.0,5170430.0,109999978.0,0.78,10.92,23.31,1511833773
buzzcoin,BuzzCoin,BUZZ,381,0.0007102,0.00000007,79401.0,3674149.0,5173400514.0,5173400514.0,20000000000.0,4.58,-2.47,90.52,1511833772
2give,2GIVE,2GIVE,382,0.00706677,0.00000073,22172.9,3663091.0,518354312.0,518354312.0,null,0.67,0.59,17.9,1511833755
zclassic,ZClassic,ZCL,383,2.01411,0.00020802,133495.0,3645136.0,1809800.0,1809800.0,null,-0.31,-2.2,20.31,1511833757
procurrency,ProCurrency,PROC,384,0.0366137,0.00000378,12752.1,3509334.0,95847559.0,15003032354.0,null,1.4,-5.7,-11.33,1511833762
trueflip,TrueFlip,TFL,385,0.556919,0.00005752,8280.16,3479222.0,6247267.0,8924667.0,null,-3.62,5.22,2.4,1511833770
rustbits,Rustbits,RUSTBITS,386,0.0983462,0.00001016,10395.8,3471706.0,35300866.0,100000000.0,null,0.59,19.63,38.41,1511833770
terracoin,Terracoin,TRC,387,0.155864,0.00001613,4386.76,3388488.0,21740033.0,21740033.0,42000000.0,-0.71,-10.28,-2.92,1511834041
hubii-network,Hubii Network,HBT,388,0.14731,0.00001521,8852.18,3279305.0,22261249.0,31801784.0,null,10.75,11.71,-8.92,1511833775
zephyr,Zephyr,ZEPH,389,0.0259948,0.00000268,24037.2,3275099.0,125990535.0,2000000000.0,null,0.48,null,38.53,1511833777
geocoin,GeoCoin,GEO,390,0.980938,0.00010131,132976.0,3252254.0,3315453.0,3315453.0,null,-2.28,-7.5,0.54,1511833750
ebtcnew,eBitcoin,EBTC,391,0.171004,0.00001766,70214.6,3231484.0,18897126.0,21000000.0,null,-0.87,-1.46,64.04,1511833777
oceanlab,Oceanlab,OCL,392,0.0690446,0.00000713,12230.9,3210574.0,46500000.0,50000000.0,null,1.26,12.0,14.85,1511833770
dopecoin,DopeCoin,DOPE,393,0.0279242,0.00000289,285357.0,3101978.0,111085648.0,111085648.0,null,0.75,11.92,24.14,1511834043
dimecoin,Dimecoin,DIME,394,0.0000057520,0.0000000006,4600.65,3095277.0,538120029840,538120029840,null,7.32,-76.35,-84.74,1511834042
quark,Quark,QRK,395,0.0122451,0.00000127,7931.93,3089213.0,252281568.0,252281568.0,null,-1.23,6.15,22.72,1511834041
startcoin,Startcoin,START,396,0.0683032,0.00000705,344507.0,3079094.0,45079785.0,70782220.0,null,4.95,19.97,49.82,1511833745
social,Social,SCL,397,0.183932,0.00001900,4122.65,3074243.0,16714020.0,16714020.0,null,-0.51,0.81,4.58,1511833772
ixcoin,Ixcoin,IXC,398,0.141225,0.00001462,1830.4,2965596.0,20999088.0,20999088.0,null,-0.69,9.0,31.41,1511834041
starta,Starta,STA,399,0.584955,0.00006041,13767.1,2965087.0,5068914.0,5324245.0,null,0.03,23.82,28.13,1511833769
atmos,Atmos,ATMS,400,0.0292199,0.00000302,18600.6,2930852.0,100303280.0,110303280.0,null,-0.7,-1.27,25.1,1511833765
primalbase,Primalbase Token,PBT,401,2920.61,0.301641,47505.9,2920610.0,1000.0,1250.0,1250.0,-0.05,3.45,-33.64,1511833767
darcrus,Darcrus,DAR,402,0.211305,0.00002182,10874.0,2873830.0,13600388.0,13600388.0,null,-1.2,5.93,23.17,1511833759
creativecoin,Creativecoin,CREA,403,0.22374,0.00002311,3774.54,2868512.0,12820738.0,12820738.0,115000000.0,-0.52,-0.01,18.57,1511833765
spreadcoin,SpreadCoin,SPR,404,0.305954,0.00003160,58977.1,2802954.0,9161357.0,9161357.0,null,0.22,2.75,22.66,1511833748
adshares,AdShares,ADST,405,0.229831,0.00002374,4184.2,2741302.0,11927469.0,11927469.0,null,-0.2,20.19,20.0,1511833770
chips,CHIPS,CHIPS,406,0.136716,0.00001412,3349.0,2661225.0,19465354.0,19465354.0,21000000.0,-6.32,-20.72,8.96,1511833773
fantomcoin,Fantomcoin,FCN,407,0.426027,0.00004400,8495.21,2637183.0,6190179.0,6190179.0,null,6.03,1.87,165.93,1511833745
cannabiscoin,CannabisCoin,CANN,408,0.033889,0.00000350,68249.1,2617287.0,77231176.0,91859176.0,null,-0.43,-0.8,13.44,1511833745
adelphoi,Adelphoi,ADL,409,0.110482,0.00001141,10569.7,2593258.0,23472224.0,100000000.0,null,-4.05,52.71,22.95,1511833765
royal-kingdom-coin,Royal Kingdom Coin,RKC,410,0.953738,0.00009850,14842.0,2575093.0,2700000.0,15000000.0,null,2.37,-19.81,-27.34,1511833773
embers,Embers,MBRS,411,0.0513648,0.00000530,619.67,2568240.0,50000000.0,50000000.0,null,19.75,-8.79,-3.77,1511833768
intelligent-trading-tech,Intelligent Trading Tech,ITT,412,0.261941,0.00002705,1276.67,2566471.0,9797899.0,11500000.0,null,-0.61,-0.67,58.44,1511833776
paccoin,Paccoin,PAC,413,0.0000008084,0.00000000008,6223.03,2562068.0,3169445047722,3169445047722,null,0.81,1.42,83.9,1511833750
e-gulden,e-Gulden,EFL,414,0.164577,0.00001700,29524.3,2558417.0,15545410.0,20584750.0,null,-1.61,-2.31,9.59,1511833750
cartaxi-token,CarTaxi Token,CTX,415,0.0414426,0.00000428,28944.6,2550265.0,61537286.0,80506222.0,null,-8.21,-8.08,-2.85,1511833777
equitrader,EquiTrader,EQT,416,0.259976,0.00002685,6984.18,2544727.0,9788315.0,10888315.0,null,27.66,4.94,-27.1,1511833764
mintcoin,Mintcoin,MINT,417,0.000101642,0.00000001,1873.52,2535689.0,24947260808.0,24947260808.0,null,-21.08,-40.24,-3.54,1511834042
shield-xsh,SHIELD,XSH,418,0.00541641,0.00000056,81045.3,2503631.0,462230777.0,462230777.0,660000000.0,-5.2,20.19,124.5,1511833779
opus,Opus,OPT,419,0.0177458,0.00000183,5462.04,2485841.0,140080549.0,249308531.0,249308531.0,-0.94,-10.6,35.67,1511833771
dotcoin,Dotcoin,DOT,420,0.00919678,0.00000095,74543.0,2458782.0,267352500.0,532352500.0,890000000.0,-0.98,-1.88,30.06,1511833749
kolion,Kolion,KLN,421,4.09077,0.00042249,513792.0,2454462.0,600000.0,1000000.0,null,0.12,-0.95,6.99,1511833773
vtorrent,vTorrent,VTR,422,0.225697,0.00002331,117616.0,2441131.0,10815966.0,10815966.0,null,0.23,4.38,17.3,1511833751
condensate,Condensate,RAIN,423,0.029378,0.00000303,37745.4,2422081.0,82445400.0,82445400.0,500000000.0,3.57,65.5,-2.99,1511833763
eccoin,ECC,ECC,424,0.0000966109,0.00000001,4565.59,2415272.0,25000000000.0,25000000000.0,25000000000.0,-66.89,-66.41,-46.1,1511834043
ethereum-blue,Ethereum Blue,BLUE,425,0.071945,0.00000743,194638.0,2410856.0,33509711.0,42000000.0,42000000.0,-4.2,-21.64,229.09,1511833774
piplcoin,PiplCoin,PIPL,426,0.0287632,0.00000297,700.979,2400124.0,83444258.0,7505026110.0,7531907537.0,-8.48,-13.04,-27.83,1511833774
woodcoin,Woodcoin,LOG,427,0.297831,0.00003076,18458.6,2393130.0,8035193.0,8035193.0,null,-0.54,-5.61,9.54,1511833749
audiocoin,AudioCoin,ADC,428,0.00283066,0.00000029,6196.44,2365176.0,835556422.0,835556422.0,null,-2.99,-12.61,-16.14,1511833757
asiacoin,AsiaCoin,AC,429,0.00205881,0.00000021,675.104,2363254.0,1147873693.0,1147873693.0,null,-0.69,27.84,21.68,1511834043
tokes,Tokes,TKS,430,2.07902,0.00021472,66033.1,2355544.0,1133007.0,50000000.0,null,-0.25,0.21,17.35,1511833762
draftcoin,DraftCoin,DFT,431,1.05082,0.00010853,165668.0,2343648.0,2230304.0,17409328.0,null,-0.71,-1.38,26.91,1511833759
tracto,Tracto,TRCT,432,0.593489,0.00006130,7599.0,2343095.0,3948001.0,70000000.0,null,-2.48,-13.96,-31.65,1511833774
newyorkcoin,NewYorkCoin,NYC,433,0.0000178596,0.000000002,2819.85,2304474.0,129032781759,129032781759,null,-7.72,9.18,-62.63,1511833744
megacoin,Megacoin,MEC,434,0.0633463,0.00000656,3144.14,2300284.0,36312837.0,36312837.0,42000000.0,-0.96,1.28,27.71,1511834041
bluecoin,BlueCoin,BLU,435,0.00396466,0.00000041,833.879,2278425.0,574683675.0,574683675.0,null,-0.67,-8.81,-25.62,1511834043
remicoin,Remicoin,RMC,436,1.13648,0.00011737,3043.45,2249348.0,1979224.0,84000000.0,84000000.0,-0.49,18.65,-11.19,1511833767
magi,Magi,XMG,437,0.295506,0.00003052,27424.5,2248640.0,7609457.0,7609457.0,null,-1.55,0.83,17.56,1511833746
martexcoin,MarteXcoin,MXT,438,0.790971,0.00008169,872.37,2218910.0,2805298.0,2805298.0,5000000.0,-13.49,14.74,21.12,1511833753
vivo,VIVO,VIVO,439,3.01775,0.00031167,57356.7,2214141.0,733706.0,1553706.0,null,-0.59,5.23,-23.94,1511833770
cryptogenic-bullion,Crypto Bullion,CBX,440,2.17937,0.00022558,1397.53,2190442.0,1005080.0,1005080.0,null,3.47,-13.92,2.86,1511834041
cryptonite,Cryptonite,XCN,441,0.0058896,0.00000061,14328.0,2188914.0,371657554.0,371657554.0,null,-4.2,-2.75,90.46,1511833747
luckchain,LuckChain,BASH,442,0.00304932,0.00000031,684.453,2182912.0,715868299.0,715868299.0,null,-0.49,-2.74,34.87,1511833759
zoin,Zoin,ZOI,443,0.137737,0.00001423,19781.3,2134545.0,15497250.0,15497250.0,21000000.0,0.2,2.18,18.51,1511833758
sumokoin,Sumokoin,SUMO,444,0.902659,0.00009323,78393.0,2095622.0,2321609.0,11210498.0,88888888.0,0.87,-2.08,101.97,1511833763
atlant,ATLANT,ATL,445,0.155107,0.00001602,7457.14,2051294.0,13225026.0,54175041.0,54175041.0,-6.57,-2.65,0.46,1511833776
espers,Espers,ESP,446,0.0000971462,0.00000001,21619.2,2019738.0,20790709553.0,20790709553.0,50000000000.0,-0.52,-33.39,27.94,1511833753
legends-room,Legends Room,LGD,447,1.00839,0.00010415,1262420.0,2016780.0,2000000.0,30000000.0,null,-7.02,22.49,32.99,1511833765
worldcoin,WorldCoin,WDC,448,0.017185,0.00000178,6192.02,2016754.0,117355482.0,117355482.0,null,-0.81,-16.51,42.75,1511834041
flik,FLiK,FLIK,449,0.033228,0.00000343,19403.9,1997790.0,60123682.0,80000000.0,600000000.0,-2.32,2.57,-8.98,1511833774
privatix,Privatix,PRIX,450,1.72699,0.00017836,59097.2,1982434.0,1147913.0,1275455.0,null,-8.71,2.22,-11.56,1511833777
visio,Visio,VISIO,451,0.0387758,0.00000400,12030.4,1971376.0,50840378.0,62840378.0,null,10.91,3.4,-9.18,1511833762
crave,Crave,CRAVE,452,1.35982,0.00014044,3696.95,1958859.0,1440528.0,1440528.0,null,-0.54,-9.36,-8.77,1511833747
xgox,XGOX,XGOX,453,0.00387769,0.00000040,26965.7,1957246.0,504745436.0,758160780.0,null,-4.47,-25.58,-56.14,1511833775
elixir,Elixir,ELIX,454,0.0796967,0.00000823,29486.9,1953822.0,24515725.0,24515725.0,null,-1.53,21.59,45.69,1511833772
zennies,Zennies,ZENI,455,0.00193648,0.00000020,7012.99,1938054.0,1000812836.0,1000812836.0,null,-0.49,-3.93,13.29,1511833764
hellogold,HelloGold,HGT,456,0.00735147,0.00000076,4960.51,1933691.0,263034654.0,1000000000.0,null,1.02,3.21,52.21,1511833774
pirl,Pirl,PIRL,457,0.44164,0.00004561,46041.4,1924992.0,4358736.0,4358736.0,null,0.28,7.45,11.12,1511833774
innova,Innova,INN,458,2.42652,0.00025061,159954.0,1891587.0,779547.0,1529547.0,42000000.0,-4.6,-0.11,-33.12,1511833778
cryptoping,CryptoPing,PING,459,0.183298,0.00001893,18682.6,1824198.0,9952089.0,9952089.0,null,-0.35,0.84,6.19,1511833769
signatum,Signatum,SIGT,460,0.0168639,0.00000174,15610.2,1820842.0,107972766.0,107972766.0,null,1.14,4.94,-2.98,1511833769
trezarcoin,TrezarCoin,TZC,461,0.0226476,0.00000234,6572.92,1811529.0,79987700.0,91987700.0,400000000.0,-3.94,4.55,22.11,1511833773
fundyourselfnow,FundYourselfNow,FYN,462,2.1145,0.00021839,3033.12,1797325.0,850000.0,12500000.0,null,-1.19,-6.33,-3.56,1511833771
neverdie,NEVERDIE,NDC,463,0.0434208,0.00000448,2493.37,1780435.0,41004200.0,400000000.0,null,-0.64,-17.04,1.55,1511833768
bitcoinz,BitcoinZ,BTCZ,464,0.0031296,0.00000032,12265.6,1773975.0,566837586.0,566837586.0,21000000000.0,-2.51,-0.61,6.93,1511833774
skincoin,SkinCoin,SKIN,465,0.0194029,0.00000200,42725.5,1711015.0,88183483.0,488183483.0,null,4.76,29.5,46.02,1511833768
hyperstake,HyperStake,HYP,466,0.00160074,0.00000017,6794.57,1701704.0,1063073613.0,1063073613.0,null,4.68,5.25,24.21,1511833747
dnotes,DNotes,NOTE,467,0.0130005,0.00000135,2115.72,1681737.0,129359421.0,129359421.0,null,4.93,5.03,-29.12,1511834043
pandacoin-pnd,Pandacoin,PND,468,0.0000514131,0.000000005,806.013,1671693.0,32514916898.0,32514916898.0,null,-3.11,-37.47,136.74,1511834044
altcoin-alt,Altcoin,ALT,469,13.669,0.00141174,3408.56,1670014.0,122175.0,134063.0,null,-0.43,-3.55,-12.1,1511833764
gobyte,GoByte,GBX,470,15.1239,0.001562,345583.0,1651671.0,109209.0,934196.0,31800000.0,-6.71,37.81,63.78,1511833779
xp,XP,XP,471,0.0000096181,0.0000000010,8424.97,1644130.0,170940754430,231724287011,null,0.75,-47.89,12.82,1511833755
fastcoin,Fastcoin,FST,472,0.0129234,0.00000134,42024.9,1628348.0,126000000.0,126000000.0,165888000.0,14.26,42.17,59.0,1511834041
zeitcoin,Zeitcoin,ZEIT,473,0.0000436757,0.000000005,1121.57,1614741.0,36971157556.0,36971157556.0,null,26.98,58.13,-17.93,1511834043
adzcoin,Adzcoin,ADZ,474,0.036096,0.00000373,2317.89,1582205.0,43833248.0,43833248.0,84000000.0,-0.56,11.64,22.6,1511833752
yocoin,Yocoin,YOC,475,0.0141476,0.00000146,70665.1,1541136.0,108932707.0,168442707.0,336000000.0,-47.54,-54.89,-55.86,1511833761
unity-ingot,Unity Ingot,UNY,476,0.00749855,0.00000077,2788.15,1514707.0,202000000.0,10000000000.0,null,-1.02,-5.69,-41.96,1511833764
1337coin,1337,1337,477,0.0000639588,0.000000007,1464.38,1502870.0,23497477228.0,26299830343.0,null,-0.01,-4.2,35.68,1511833751
eboostcoin,eBoost,EBST,478,0.123741,0.00001278,129847.0,1484892.0,12000000.0,99990001.0,99990000.0,0.54,-2.98,22.22,1511833767
ethbits,Ethbits,ETBS,479,1.06591,0.00011009,48985.3,1483324.0,1391604.0,1634691.0,null,-0.54,7.42,-8.13,1511833764
flypme,FlypMe,FYP,480,0.0822763,0.00000850,4658.96,1451245.0,17638681.0,35277363.0,null,-0.59,-23.85,-14.54,1511833775
emphy,Emphy,EPY,481,0.182955,0.00001890,6923.26,1397209.0,7636898.0,15375000.0,null,-0.56,29.77,16.03,1511833777
qvolta,Qvolta,QVT,482,0.197276,0.00002037,2271.72,1327613.0,6729722.0,10096722.0,null,-0.6,-7.35,2.81,1511833776
internxt,Internxt,INXT,483,2.09701,0.00021658,16149.2,1320298.0,629610.0,629610.0,null,1.99,-14.45,-7.3,1511833773
arcticcoin,ArcticCoin,ARC,484,0.0537131,0.00000555,44841.5,1319457.0,24564901.0,24564901.0,null,-1.86,-12.4,-15.37,1511833757
life,LIFE,LIFE,485,0.000199429,0.00000002,71012.1,1306122.0,6549309578.0,100000000000,100000000000,-8.49,-29.18,-24.57,1511833775
influxcoin,Influxcoin,INFX,486,0.778042,0.00008036,54816.7,1301963.0,1673383.0,1673383.0,null,1.03,1.81,16.04,1511833750
renos,Renos,RNS,487,0.0388265,0.00000401,4307.61,1295100.0,33356077.0,33356077.0,null,-4.35,8.72,24.97,1511833760
roulettetoken,RouletteToken,RLT,488,0.124197,0.00001283,19943.7,1268934.0,10217104.0,10217827.0,null,-0.23,-1.22,-47.27,1511833764
bytecent,Bytecent,BYC,489,0.665667,0.00006875,33777.3,1253052.0,1882400.0,1882400.0,null,-0.52,1.05,15.26,1511833747
ultracoin,UltraCoin,UTC,490,0.0269536,0.00000279,1336.77,1201181.0,44564766.0,44564766.0,null,-2.08,-3.73,22.24,1511834042
footy-cash,Footy Cash,XFT,491,0.263749,0.00002724,3446.99,1199592.0,4548232.0,4548232.0,null,-0.49,-6.62,85.07,1511833759
growers-international,Growers International,GRWI,492,1.06545,0.00011004,3479.06,1189139.0,1116091.0,1116091.0,null,-4.77,-9.35,-23.49,1511833771
miners-reward-token,Miners' Reward Token,MRT,493,0.111571,0.00001152,17180.4,1115710.0,10000000.0,10000000.0,null,0.16,-5.51,0.65,1511833766
wavesgo,WavesGo,WGO,494,0.112591,0.00001163,2479.83,1110768.0,9865517.0,9865517.0,null,0.2,37.11,57.38,1511833763
giga-watt-token,Giga Watt Token,WTT,495,1.21193,0.00012517,39656.4,1090737.0,900000.0,10800000.0,null,-13.48,-27.1,-19.11,1511833771
shorty,Shorty,SHORTY,496,0.0107475,0.00000111,640.1,1074750.0,100000000.0,100000000.0,null,6.16,5.37,25.44,1511833758
kekcoin,KekCoin,KEK,497,0.102537,0.00001059,776.554,1065912.0,10395393.0,11395393.0,21000000.0,-0.49,2.13,10.68,1511833769
zetacoin,Zetacoin,ZET,498,0.00637104,0.00000066,2093.94,1064601.0,167099963.0,167099963.0,null,-0.53,-0.9,19.03,1511834041
pure,Pure,PURE,499,0.387297,0.00004000,12456.3,1054819.0,2723541.0,3832820.0,20000000.0,-0.49,11.93,-12.49,1511833777
coin,Coin(O),CNO,500,0.00987551,0.00000102,1097.05,1038553.0,105164497.0,105164497.0,null,-5.13,5.08,-4.43,1511833743
